<?xml version="1.0" encoding="UTF-8"?>
<jcr:root xmlns:sling="http://sling.apache.org/jcr/sling/1.0" xmlns:cq="http://www.day.com/jcr/cq/1.0" xmlns:jcr="http://www.jcp.org/jcr/1.0" xmlns:nt="http://www.jcp.org/jcr/nt/1.0"
    jcr:primaryType="cq:Page">
    <clientlib/>
    <static.css/>
    <fonts/>
    <images/>
    <jcr:content
        cq:lastModified="{Date}2015-03-04T16:15:36.474-05:00"
        cq:lastModifiedBy="admin"
        jcr:primaryType="nt:unstructured">
        <contentpage jcr:primaryType="nt:unstructured">
            <imagemultifield
                jcr:lastModified="{Date}2015-03-04T16:15:14.859-05:00"
                jcr:lastModifiedBy="admin"
                jcr:primaryType="nt:unstructured"
                sling:resourceType="foundation/components/parsys"
                components="/apps/sola04/components/imagemultifield">
                <section jcr:primaryType="nt:unstructured"/>
            </imagemultifield>
            <logo
                jcr:lastModified="{Date}2015-03-04T16:15:26.586-05:00"
                jcr:lastModifiedBy="admin"
                jcr:primaryType="nt:unstructured"
                sling:resourceType="foundation/components/parsys"
                components="/apps/sola04/components/logo">
                <section jcr:primaryType="nt:unstructured"/>
            </logo>
            <logo2
                jcr:lastModified="{Date}2015-03-04T16:15:36.473-05:00"
                jcr:lastModifiedBy="admin"
                jcr:primaryType="nt:unstructured"
                sling:resourceType="foundation/components/parsys"
                components="/apps/sola04/components/logo">
                <section jcr:primaryType="nt:unstructured"/>
            </logo2>
        </contentpage>
    </jcr:content>
</jcr:root>
