<?xml version="1.0" encoding="UTF-8"?>
<jcr:root xmlns:sling="http://sling.apache.org/jcr/sling/1.0" xmlns:jcr="http://www.jcp.org/jcr/1.0" xmlns:mix="http://www.jcp.org/jcr/mix/1.0" xmlns:rep="internal"
    jcr:mixinTypes="[mix:lockable,rep:AccessControllable]"
    jcr:primaryType="sling:OrderedFolder">
    <rep:policy/>
    <jcr:content/>
    <collections/>
    <geometrixx-outdoors/>
    <geometrixx-media/>
    <geometrixx-unlimited/>
    <geometrixx/>
    <geometrixx-gov/>
    <formsanddocuments/>
    <projects/>
    <_x002e_DS_Store/>
    <_x002e__.DS_Store/>
    <Desktop_x0020_Test/>
    <DesktopTest/>
    <placeholder-logo.png/>
    <slideshow4.png/>
    <slideshow1.png/>
    <slideshow2.png/>
    <slideshow3.png/>
    <slideshow-left.png/>
    <slideshow-right.png/>
</jcr:root>
