<?xml version="1.0" encoding="UTF-8"?>
<jcr:root xmlns:sling="http://sling.apache.org/jcr/sling/1.0" xmlns:cq="http://www.day.com/jcr/cq/1.0" xmlns:jcr="http://www.jcp.org/jcr/1.0" xmlns:nt="http://www.jcp.org/jcr/nt/1.0"
    jcr:primaryType="cq:Page">
    <images/>
    <jcr:content
        cq:lastModified="{Date}2013-02-01T10:09:23.854-08:00"
        cq:lastModifiedBy="admin"
        cq:template="/libs/wcm/core/templates/designpage"
        jcr:primaryType="cq:PageContent"
        jcr:title="dpsAdminConsole"
        sling:resourceType="wcm/core/components/designer">
        <contentpage jcr:primaryType="nt:unstructured">
            <logo
                jcr:lastModified="{Date}2013-01-16T07:55:47.365-08:00"
                jcr:lastModifiedBy="admin"
                jcr:primaryType="nt:unstructured"
                sling:resourceType="dpsAdminConsole/components/logo"
                imageName="Website_logo03.png"
                imageRotate="0">
                <image/>
            </logo>
        </contentpage>
        <formpage jcr:primaryType="nt:unstructured">
            <par
                jcr:lastModified="{Date}2013-02-01T10:09:23.852-08:00"
                jcr:lastModifiedBy="admin"
                jcr:primaryType="nt:unstructured"
                sling:resourceType="foundation/components/parsys"
                components="group:DPS Admin Console">
                <section jcr:primaryType="nt:unstructured"/>
            </par>
        </formpage>
    </jcr:content>
    <static.css/>
    <clientlib/>
</jcr:root>
